OperatorID,Operator
7,Rida Mckeown
8,Cobie Cope
9,Jacque Frame
10,Hope Crane
11,Karol Maxwell
12,Douglas Bartlett
13,Lorenzo Roche
15,Seth Atkinson
216,Gregory Downes
477,Leon Figueroa
529,Duane Field
585,Maverick Vang
594,Baxter Sharma
620,Hughie Morris
642,Jameson Allman
680,Abdulrahman Healy
713,Nile Stott
954,Luca Spears
1072,Sienna Houston
1078,Mirza Emery
1108,Terrell Connor
1119,Jeffrey Mcculloch
1180,Renee Floyd
1196,Izaan Donald
1219,Yousaf Morton
1226,Riaan Oconnor
1240,Willard Christian
1256,Jessie Cross
1268,Aaryan Enriquez
1277,Kacie Cochran
1291,Indigo Esparza
1296,Mahir Pearson
1298,Dev Donnelly
1300,Gage Sanderson
1301,Tahir Reed
1305,Duncan Lewis
1306,Branden Cote
1313,Quentin West
1338,Milan Rivas
1341,Lucian Goddard
1355,Youssef Byrd
1357,Kirby Mccullough
1358,Saif Corona
1361,Wil Brock
1362,Jean Drake
1364,Frank Rankin
1365,Jill Anthony
1366,Anees Beard
1367,Jimi Sinclair
1369,Varun Wardle
1370,Rohit Burrows
1373,Jose Devlin
1375,Ainsley Phillips
1376,Sheikh Foley
1377,Harlen Blackburn
1378,Cai Ridley
1379,Mikael Gibbs
1381,Vlad Nguyen
1382,Diego Griffiths
1383,Abdurrahman Villegas
1385,Jamal Harrison
1389,Romy Pineda
1390,Haider Watt
1391,Patrick Mcgee
1392,Malik Todd
1394,Jac Ware
1395,Suhayb Horne
1396,Akram May
1398,Jak Reyna
1399,Wade Quinn
1400,Blade Kaiser
1402,Jules Prince
1403,Leo Rodrigues
1404,Eman Rosales
1405,Guto Hancock
1406,Kayan Cruz
1407,Frances Payne
1408,Shabaz Morse
1409,Arham Ferrell
1410,Ishaq Forrest
1411,Jordan-Lee Townsend
1412,Arbaaz Holman
1413,Zachery Dunkley
1414,Leandro Mcneil
1415,Muneeb Hammond
1416,Belle Austin
1417,Kuba Piper
1418,Hussein Lowery
1419,Jameel Searle
1420,Bertie Perkins
1421,Ronnie Bonilla
1422,Junior Arias
1423,Ebony Le
1424,Natan Pugh
1425,Judah Dyer
1426,Colton Clayton
1427,Usmaan Holmes
1428,Keenan Patrick
1429,Tiernan Cairns
1430,Gurpreet Jackson
1431,Ritchie Haigh
1432,Philip Bright
1433,Skylar Cardenas
1434,Owen Wolfe
1435,Kasim Mccabe
1436,Shelley Mccall
1437,Wilfred Benson
1438,Marni Luna
1443,Ronan Mccartney
1444,Jessie Rudd
1452,Kacey Deleon
1453,Jose Walsh
1454,Iain Tucker
1455,Cleo Patrick
1457,Matt Hewitt
1458,Danyaal Sheldon
1459,Shakil Albert
146,Cosmo Blackmore
1461,Ravinder Reed
1462,Mohsin Alfaro
1463,Anton Bridges
1464,Asha Holding
1465,Hubert Tran
1466,Santino Crossley
1467,Willis Noel
1468,Bree Chang
1469,Amandeep Bates
1470,Landon Clarke
1473,Lennie Whitworth
1474,Cavan Escobar
1475,Ewan Savage
1476,Tyreese Lyon
1477,Callam Mccormack
1478,Woodrow Mcgee
1479,Tylor Massey
1480,Vicky Hyde
1481,Colby Santana
1482,Dawson Weeks
1483,Diego Robson
1486,Makenzie Pickett
1490,Kamran Meyer
1491,Kaden Landry
1492,Donnell Maguire
1393,Rafferty Kaiser
1397,Ainsley Woodard
1460,Adem Appleton
